Workbook

Sheet Cálculos
A1: 41509
A2: MVRC
AO3: Ing. J. Oscar T. Morales García | AP3: Director técnico
AO4: Ing. J. Oscar T. Morales García | AP4: Jefe de área SF&G | AQ4: Mess Servicios Metrológicos S. de R.L. de C.V.
AQ5: Instalaciones del cliente
AO6: Ing. Pablo Lopez Perez
B10: TENSION ELECTRICA CONTINUA
B11: INTERVALO | C11: 0 | D11: A | E11: 600
B12: RESOLUCION | C12: 0.1 | H12: para 5
B13: UNIDAD | C13: mV | D13: Error max: | E13: {=MAX(Q19:Q23)} -> 0.1 | F13: {=C13} -> mV | H13: muestras | I13: Especificación
D14: Incertidumbre max: | E14: {=MAX(O19:O23)} -> 0.057763846 | F14: {=C13} -> mV | I14: MK-019
I15: FLUKE
B16: Valor Nominal | H16: t= 1.4 | I16: 5502 | O16: Uexpandida
B17: del Patrón | C17: Muestra 1 | D17: Muestra 2 | E17: Muestra 3 | F17: Muestra 4 | G17: Muestra 5 | H17: uA | I17: Tol.de Patrón | J17: uB de Patrón | K17: uB resol. | L17: uC | M17: Grados | O17: para 95.45%
B18: {=C13} -> mV | C18: {=$B18} -> mV | D18: {=$B18} -> mV | E18: {=$B18} -> mV | F18: {=$B18} -> mV | G18: {=$B18} -> mV | H18: {=$B18} -> mV | I18: {=$B18} -> mV | J18: {=$B18} -> mV | ... L18: {=$B18} -> mV | M18: de libertad | N18: Factor k | O18: {=$B18} -> mV | Q18: error | R18: error +U | S18: error -U | T18: error_abs
B19: {=E11*0.1} -> 60 | C19: 60 | D19: 60 | E19: 60 | F19: 60 | G19: 60 | H19: {=STDEV(C19:G19)*1.4} -> 0 | I19: {=0.00316/2} -> 0.00158 | J19: {=I19/SQRT(3)} -> 0.00091221343 | K19: {=(C$12)/SQRT(12)} -> 0.028867513 | L19: {=SQRT(H19^2+J19^2+(K19)^2)} -> 0.028881923 | M19: {=IF(ISERROR((L19^4)/(H19^4/4))=TRUE,"∞",((L19^4)/(H19^4/4)))} -> ∞ | N19: {=IF(ISERROR(TINV(0.05,M19))=TRUE,2,TINV(0.05,M19))} -> 2 | O19: {=L19*N19} -> 0.057763846 | Q19: {=AVERAGE(C19:G19)-B19} -> 0 | R19: {=Q19+O19} -> 0.057763846 | S19: {=Q19-O19} -> -0.057763846 | T19: {=ABS(Q19)} -> 0
B20: {=E11*0.25} -> 150 | C20: 150 | D20: 150 | E20: 150 | F20: 150 | G20: 150 | H20: {=STDEV(C20:G20)*1.4} -> 0 | I20: {=0.00316/2} -> 0.00158 | J20: {=I20/SQRT(3)} -> 0.00091221343 | K20: {=(C$12)/SQRT(12)} -> 0.028867513 | L20: {=SQRT(H20^2+J20^2+(K20)^2)} -> 0.028881923 | M20: {=IF(ISERROR((L20^4)/(H20^4/4))=TRUE,"∞",((L20^4)/(H20^4/4)))} -> ∞ | N20: {=IF(ISERROR(TINV(0.05,M20))=TRUE,2,TINV(0.05,M20))} -> 2 | O20: {=L20*N20} -> 0.057763846 | Q20: {=AVERAGE(C20:G20)-B20} -> 0 | R20: {=Q20+O20} -> 0.057763846 | S20: {=Q20-O20} -> -0.057763846 | T20: {=ABS(Q20)} -> 0
B21: {=E11*0.5} -> 300 | C21: 300 | D21: 300 | E21: 300 | F21: 300 | G21: 300 | H21: {=STDEV(C21:G21)*1.4} -> 0 | I21: {=0.00316/2} -> 0.00158 | J21: {=I21/SQRT(3)} -> 0.00091221343 | K21: {=(C$12)/SQRT(12)} -> 0.028867513 | L21: {=SQRT(H21^2+J21^2+(K21)^2)} -> 0.028881923 | M21: {=IF(ISERROR((L21^4)/(H21^4/4))=TRUE,"∞",((L21^4)/(H21^4/4)))} -> ∞ | N21: {=IF(ISERROR(TINV(0.05,M21))=TRUE,2,TINV(0.05,M21))} -> 2 | O21: {=L21*N21} -> 0.057763846 | Q21: {=AVERAGE(C21:G21)-B21} -> 0 | R21: {=Q21+O21} -> 0.057763846 | S21: {=Q21-O21} -> -0.057763846 | T21: {=ABS(Q21)} -> 0
B22: {=E11*0.75} -> 450 | C22: 450.1 | D22: 450.1 | E22: 450.1 | F22: 450.1 | G22: 450.1 | H22: {=STDEV(C22:G22)*1.4} -> 0 | I22: {=0.00316/2} -> 0.00158 | J22: {=I22/SQRT(3)} -> 0.00091221343 | K22: {=(C$12)/SQRT(12)} -> 0.028867513 | L22: {=SQRT(H22^2+J22^2+(K22)^2)} -> 0.028881923 | M22: {=IF(ISERROR((L22^4)/(H22^4/4))=TRUE,"∞",((L22^4)/(H22^4/4)))} -> ∞ | N22: {=IF(ISERROR(TINV(0.05,M22))=TRUE,2,TINV(0.05,M22))} -> 2 | O22: {=L22*N22} -> 0.057763846 | Q22: {=AVERAGE(C22:G22)-B22} -> 0.1 | R22: {=Q22+O22} -> 0.15776385 | S22: {=Q22-O22} -> 0.042236154 | T22: {=ABS(Q22)} -> 0.1
B23: {=E11*0.9} -> 540 | C23: 540.1 | D23: 540.1 | E23: 540.1 | F23: 540.1 | G23: 540.1 | H23: {=STDEV(C23:G23)*1.4} -> 0 | I23: {=0.00316/2} -> 0.00158 | J23: {=I23/SQRT(3)} -> 0.00091221343 | K23: {=(C$12)/SQRT(12)} -> 0.028867513 | L23: {=SQRT(H23^2+J23^2+(K23)^2)} -> 0.028881923 | M23: {=IF(ISERROR((L23^4)/(H23^4/4))=TRUE,"∞",((L23^4)/(H23^4/4)))} -> ∞ | N23: {=IF(ISERROR(TINV(0.05,M23))=TRUE,2,TINV(0.05,M23))} -> 2 | O23: {=L23*N23} -> 0.057763846 | Q23: {=AVERAGE(C23:G23)-B23} -> 0.1 | R23: {=Q23+O23} -> 0.15776385 | S23: {=Q23-O23} -> 0.042236154 | T23: {=ABS(Q23)} -> 0.1
B25: TENSION ELECTRICA CONTINUA
B26: INTERVALO | C26: 0 | D26: A | E26: 6
B27: RESOLUCION | C27: 0.001 | H27: para 5
B28: UNIDAD | C28: V | D28: Error max: | E28: {=MAX(Q34:Q38)} -> 0 | F28: {=C28} -> V | H28: muestras | I28: Especificación
D29: Incertidumbre max: | E29: {=MAX(O34:O38)} -> 0.0039501055 | F29: {=C28} -> V | I29: MK-019
I30: FLUKE
B31: Valor Nominal | H31: t= 1.4 | I31: 5502 | O31: Uexpandida
B32: del Patrón | C32: Muestra 1 | D32: Muestra 2 | E32: Muestra 3 | F32: Muestra 4 | G32: Muestra 5 | H32: uA | I32: Tol.de Patrón | J32: uB de Patrón | K32: uB resol. | L32: uC | M32: Grados | O32: para 95.45%
B33: {=C28} -> V | C33: {=$B33} -> V | D33: {=$B33} -> V | E33: {=$B33} -> V | F33: {=$B33} -> V | G33: {=$B33} -> V | H33: {=$B33} -> V | I33: {=$B33} -> V | J33: {=$B33} -> V | ... L33: {=$B33} -> V | M33: de libertad | N33: Factor k | O33: {=$B33} -> V | Q33: error | R33: error +U | S33: error -U | T33: error_abs
B34: {=E26*0.1} -> 0.6 | C34: 0.6 | D34: 0.6 | E34: 0.6 | F34: 0.6 | G34: 0.6 | H34: {=STDEV(C34:G34)*1.4} -> 0 | I34: {=0.0059/2} -> 0.00295 | J34: {=I34/SQRT(3)} -> 0.0017031833 | K34: {=C$27} -> 0.001 | L34: {=SQRT(H34^2+J34^2+(K34)^2)} -> 0.0019750527 | M34: {=IF(ISERROR((L34^4)/(H34^4/4))=TRUE,"∞",((L34^4)/(H34^4/4)))} -> ∞ | N34: {=IF(ISERROR(TINV(0.05,M34))=TRUE,2,TINV(0.05,M34))} -> 2 | O34: {=L34*N34} -> 0.0039501055 | Q34: {=AVERAGE(C34:G34)-B34} -> 0 | R34: {=Q34+O34} -> 0.0039501055 | S34: {=Q34-O34} -> -0.0039501055 | T34: {=ABS(Q34)} -> 0
B35: {=E26*0.25} -> 1.5 | C35: 1.499 | D35: 1.499 | E35: 1.499 | F35: 1.499 | G35: 1.499 | H35: {=STDEV(C35:G35)*1.4} -> 0 | I35: {=0.0059/2} -> 0.00295 | J35: {=I35/SQRT(3)} -> 0.0017031833 | K35: {=C$27} -> 0.001 | L35: {=SQRT(H35^2+J35^2+(K35)^2)} -> 0.0019750527 | M35: {=IF(ISERROR((L35^4)/(H35^4/4))=TRUE,"∞",((L35^4)/(H35^4/4)))} -> ∞ | N35: {=IF(ISERROR(TINV(0.05,M35))=TRUE,2,TINV(0.05,M35))} -> 2 | O35: {=L35*N35} -> 0.0039501055 | Q35: {=AVERAGE(C35:G35)-B35} -> -0.001 | R35: {=Q35+O35} -> 0.0029501055 | S35: {=Q35-O35} -> -0.0049501055 | T35: {=ABS(Q35)} -> 0.001
B36: {=E26*0.5} -> 3 | C36: 2.998 | D36: 2.998 | E36: 2.998 | F36: 2.998 | G36: 2.998 | H36: {=STDEV(C36:G36)*1.4} -> 0 | I36: {=0.0059/2} -> 0.00295 | J36: {=I36/SQRT(3)} -> 0.0017031833 | K36: {=C$27} -> 0.001 | L36: {=SQRT(H36^2+J36^2+(K36)^2)} -> 0.0019750527 | M36: {=IF(ISERROR((L36^4)/(H36^4/4))=TRUE,"∞",((L36^4)/(H36^4/4)))} -> ∞ | N36: {=IF(ISERROR(TINV(0.05,M36))=TRUE,2,TINV(0.05,M36))} -> 2 | O36: {=L36*N36} -> 0.0039501055 | Q36: {=AVERAGE(C36:G36)-B36} -> -0.002 | R36: {=Q36+O36} -> 0.0019501055 | S36: {=Q36-O36} -> -0.0059501055 | T36: {=ABS(Q36)} -> 0.002
B37: {=E26*0.75} -> 4.5 | C37: 4.497 | D37: 4.497 | E37: 4.497 | F37: 4.497 | G37: 4.497 | H37: {=STDEV(C37:G37)*1.4} -> 0 | I37: {=0.0059/2} -> 0.00295 | J37: {=I37/SQRT(3)} -> 0.0017031833 | K37: {=C$27} -> 0.001 | L37: {=SQRT(H37^2+J37^2+(K37)^2)} -> 0.0019750527 | M37: {=IF(ISERROR((L37^4)/(H37^4/4))=TRUE,"∞",((L37^4)/(H37^4/4)))} -> ∞ | N37: {=IF(ISERROR(TINV(0.05,M37))=TRUE,2,TINV(0.05,M37))} -> 2 | O37: {=L37*N37} -> 0.0039501055 | Q37: {=AVERAGE(C37:G37)-B37} -> -0.003 | R37: {=Q37+O37} -> 0.00095010548 | S37: {=Q37-O37} -> -0.0069501055 | T37: {=ABS(Q37)} -> 0.003
B38: {=E26*0.9} -> 5.4 | C38: 5.397 | D38: 5.397 | E38: 5.397 | F38: 5.397 | G38: 5.397 | H38: {=STDEV(C38:G38)*1.4} -> 0 | I38: {=0.0059/2} -> 0.00295 | J38: {=I38/SQRT(3)} -> 0.0017031833 | K38: {=C$27} -> 0.001 | L38: {=SQRT(H38^2+J38^2+(K38)^2)} -> 0.0019750527 | M38: {=IF(ISERROR((L38^4)/(H38^4/4))=TRUE,"∞",((L38^4)/(H38^4/4)))} -> ∞ | N38: {=IF(ISERROR(TINV(0.05,M38))=TRUE,2,TINV(0.05,M38))} -> 2 | O38: {=L38*N38} -> 0.0039501055 | Q38: {=AVERAGE(C38:G38)-B38} -> -0.003 | R38: {=Q38+O38} -> 0.00095010548 | S38: {=Q38-O38} -> -0.0069501055 | T38: {=ABS(Q38)} -> 0.003
B40: TENSION ELECTRICA CONTINUA
B41: INTERVALO | C41: 0 | D41: A | E41: 60
B42: RESOLUCION | C42: 0.01 | H42: para 5
B43: UNIDAD | C43: V | D43: Error max: | E43: {=MAX(Q49:Q53)} -> 0 | F43: {=C43} -> V | H43: muestras | I43: Especificación
D44: Incertidumbre max: | E44: {=MAX(O49:O53)} -> 0.0064293597 | F44: {=C43} -> V | I44: MK-019
I45: FLUKE
B46: Valor Nominal | H46: t= 1.4 | I46: 5502 | O46: Uexpandida
B47: del Patrón | C47: Muestra 1 | D47: Muestra 2 | E47: Muestra 3 | F47: Muestra 4 | G47: Muestra 5 | H47: uA | I47: Tol.de Patrón | J47: uB de Patrón | K47: uB resol. | L47: uC | M47: Grados | O47: para 95.45%
B48: {=C43} -> V | C48: {=$B48} -> V | D48: {=$B48} -> V | E48: {=$B48} -> V | F48: {=$B48} -> V | G48: {=$B48} -> V | H48: {=$B48} -> V | I48: {=$B48} -> V | J48: {=$B48} -> V | ... L48: {=$B48} -> V | M48: de libertad | N48: Factor k | O48: {=$B48} -> V | Q48: error | R48: error +U | S48: error -U | T48: error_abs
B49: {=E41*0.1} -> 6 | C49: 5.996 | D49: 5.996 | E49: 5.996 | F49: 5.996 | G49: 5.996 | H49: {=STDEV(C49:G49)*1.4} -> 0 | I49: {=0.0049/2} -> 0.00245 | J49: {=I49/SQRT(3)} -> 0.0014145082 | K49: {=(C$42)/SQRT(12)} -> 0.0028867513 | L49: {=SQRT(H49^2+J49^2+(K49)^2)} -> 0.0032146799 | M49: {=IF(ISERROR((L49^4)/(H49^4/4))=TRUE,"∞",((L49^4)/(H49^4/4)))} -> ∞ | N49: {=IF(ISERROR(TINV(0.05,M49))=TRUE,2,TINV(0.05,M49))} -> 2 | O49: {=L49*N49} -> 0.0064293597 | Q49: {=AVERAGE(C49:G49)-B49} -> -0.004 | R49: {=Q49+O49} -> 0.0024293597 | S49: {=Q49-O49} -> -0.01042936 | T49: {=ABS(Q49)} -> 0.004
B50: {=E41*0.25} -> 15 | C50: 15 | D50: 15 | E50: 15 | F50: 15 | G50: 15 | H50: {=STDEV(C50:G50)*1.4} -> 0 | I50: {=0.0049/2} -> 0.00245 | J50: {=I50/SQRT(3)} -> 0.0014145082 | K50: {=(C$42)/SQRT(12)} -> 0.0028867513 | L50: {=SQRT(H50^2+J50^2+(K50)^2)} -> 0.0032146799 | M50: {=IF(ISERROR((L50^4)/(H50^4/4))=TRUE,"∞",((L50^4)/(H50^4/4)))} -> ∞ | N50: {=IF(ISERROR(TINV(0.05,M50))=TRUE,2,TINV(0.05,M50))} -> 2 | O50: {=L50*N50} -> 0.0064293597 | Q50: {=AVERAGE(C50:G50)-B50} -> 0 | R50: {=Q50+O50} -> 0.0064293597 | S50: {=Q50-O50} -> -0.0064293597 | T50: {=ABS(Q50)} -> 0
B51: {=E41*0.5} -> 30 | C51: 29.99 | D51: 29.99 | E51: 29.99 | F51: 29.99 | G51: 29.99 | H51: {=STDEV(C51:G51)*1.4} -> 0 | I51: {=0.0049/2} -> 0.00245 | J51: {=I51/SQRT(3)} -> 0.0014145082 | K51: {=(C$42)/SQRT(12)} -> 0.0028867513 | L51: {=SQRT(H51^2+J51^2+(K51)^2)} -> 0.0032146799 | M51: {=IF(ISERROR((L51^4)/(H51^4/4))=TRUE,"∞",((L51^4)/(H51^4/4)))} -> ∞ | N51: {=IF(ISERROR(TINV(0.05,M51))=TRUE,2,TINV(0.05,M51))} -> 2 | O51: {=L51*N51} -> 0.0064293597 | Q51: {=AVERAGE(C51:G51)-B51} -> -0.01 | R51: {=Q51+O51} -> -0.0035706403 | S51: {=Q51-O51} -> -0.01642936 | T51: {=ABS(Q51)} -> 0.01
B52: {=E41*0.75} -> 45 | C52: 44.98 | D52: 44.98 | E52: 44.98 | F52: 44.98 | G52: 44.98 | H52: {=STDEV(C52:G52)*1.4} -> 0 | I52: {=0.0049/2} -> 0.00245 | J52: {=I52/SQRT(3)} -> 0.0014145082 | K52: {=(C$42)/SQRT(12)} -> 0.0028867513 | L52: {=SQRT(H52^2+J52^2+(K52)^2)} -> 0.0032146799 | M52: {=IF(ISERROR((L52^4)/(H52^4/4))=TRUE,"∞",((L52^4)/(H52^4/4)))} -> ∞ | N52: {=IF(ISERROR(TINV(0.05,M52))=TRUE,2,TINV(0.05,M52))} -> 2 | O52: {=L52*N52} -> 0.0064293597 | Q52: {=AVERAGE(C52:G52)-B52} -> -0.02 | R52: {=Q52+O52} -> -0.01357064 | S52: {=Q52-O52} -> -0.02642936 | T52: {=ABS(Q52)} -> 0.02
B53: {=E41*0.9} -> 54 | C53: 53.98 | D53: 53.98 | E53: 53.98 | F53: 53.98 | G53: 53.98 | H53: {=STDEV(C53:G53)*1.4} -> 0 | I53: {=0.0049/2} -> 0.00245 | J53: {=I53/SQRT(3)} -> 0.0014145082 | K53: {=(C$42)/SQRT(12)} -> 0.0028867513 | L53: {=SQRT(H53^2+J53^2+(K53)^2)} -> 0.0032146799 | M53: {=IF(ISERROR((L53^4)/(H53^4/4))=TRUE,"∞",((L53^4)/(H53^4/4)))} -> ∞ | N53: {=IF(ISERROR(TINV(0.05,M53))=TRUE,2,TINV(0.05,M53))} -> 2 | O53: {=L53*N53} -> 0.0064293597 | Q53: {=AVERAGE(C53:G53)-B53} -> -0.02 | R53: {=Q53+O53} -> -0.01357064 | S53: {=Q53-O53} -> -0.02642936 | T53: {=ABS(Q53)} -> 0.02
B55: TENSION ELECTRICA CONTINUA
B56: INTERVALO | C56: 0 | D56: A | E56: 600
B57: RESOLUCION | C57: 0.1 | H57: para 5
B58: UNIDAD | C58: V | D58: Error max: | E58: {=MAX(Q64:Q68)} -> -0.03 | F58: {=C58} -> V | H58: muestras | I58: Especificación
D59: Incertidumbre max: | E59: {=MAX(O64:O68)} -> 0.058298085 | F59: {=C58} -> V | I59: MK-019
I60: FLUKE
B61: Valor Nominal | H61: t= 1.4 | I61: 5502 | O61: Uexpandida
B62: del Patrón | C62: Muestra 1 | D62: Muestra 2 | E62: Muestra 3 | F62: Muestra 4 | G62: Muestra 5 | H62: uA | I62: Tol.de Patrón | J62: uB de Patrón | K62: uB resol. | L62: uC | M62: Grados | O62: para 95.45%
B63: {=C58} -> V | C63: {=$B63} -> V | D63: {=$B63} -> V | E63: {=$B63} -> V | F63: {=$B63} -> V | G63: {=$B63} -> V | H63: {=$B63} -> V | I63: {=$B63} -> V | J63: {=$B63} -> V | ... L63: {=$B63} -> V | M63: de libertad | N63: Factor k | O63: {=$B63} -> V | Q63: error | R63: error +U | S63: error -U | T63: error_abs
B64: {=E56*0.1} -> 60 | C64: 59.97 | D64: 59.97 | E64: 59.97 | F64: 59.97 | G64: 59.97 | H64: {=STDEV(C64:G64)*1.4} -> 0 | I64: {=0.0054/2} -> 0.0027 | J64: {=I64/SQRT(3)} -> 0.0015588457 | K64: {=(C$57)/SQRT(12)} -> 0.028867513 | L64: {=SQRT(H64^2+J64^2+(K64)^2)} -> 0.028909572 | M64: {=IF(ISERROR((L64^4)/(H64^4/4))=TRUE,"∞",((L64^4)/(H64^4/4)))} -> ∞ | N64: {=IF(ISERROR(TINV(0.05,M64))=TRUE,2,TINV(0.05,M64))} -> 2 | O64: {=L64*N64} -> 0.057819143 | Q64: {=AVERAGE(C64:G64)-B64} -> -0.03 | R64: {=Q64+O64} -> 0.027819143 | S64: {=Q64-O64} -> -0.087819143 | T64: {=ABS(Q64)} -> 0.03
B65: {=E56*0.25} -> 150 | C65: 149.9 | D65: 149.9 | E65: 149.9 | F65: 149.9 | G65: 149.9 | H65: {=STDEV(C65:G65)*1.4} -> 0 | I65: {=0.014/2} -> 0.007 | J65: {=I65/SQRT(3)} -> 0.0040414519 | K65: 0.028867513 | L65: {=SQRT(H65^2+J65^2+(K65)^2)} -> 0.029149042 | M65: {=IF(ISERROR((L65^4)/(H65^4/4))=TRUE,"∞",((L65^4)/(H65^4/4)))} -> ∞ | N65: {=IF(ISERROR(TINV(0.05,M65))=TRUE,2,TINV(0.05,M65))} -> 2 | O65: {=L65*N65} -> 0.058298085 | Q65: {=AVERAGE(C65:G65)-B65} -> -0.1 | R65: {=Q65+O65} -> -0.041701915 | S65: {=Q65-O65} -> -0.15829808 | T65: {=ABS(Q65)} -> 0.1
B66: {=E56*0.5} -> 300 | C66: 299.8 | D66: 299.8 | E66: 299.8 | F66: 299.8 | G66: 299.8 | H66: {=STDEV(C66:G66)*1.4} -> 0 | I66: {=0.014/2} -> 0.007 | J66: {=I66/SQRT(3)} -> 0.0040414519 | K66: 0.028867513 | L66: {=SQRT(H66^2+J66^2+(K66)^2)} -> 0.029149042 | M66: {=IF(ISERROR((L66^4)/(H66^4/4))=TRUE,"∞",((L66^4)/(H66^4/4)))} -> ∞ | N66: {=IF(ISERROR(TINV(0.05,M66))=TRUE,2,TINV(0.05,M66))} -> 2 | O66: {=L66*N66} -> 0.058298085 | Q66: {=AVERAGE(C66:G66)-B66} -> -0.2 | R66: {=Q66+O66} -> -0.14170192 | S66: {=Q66-O66} -> -0.25829808 | T66: {=ABS(Q66)} -> 0.2
B67: {=E56*0.75} -> 450 | C67: 449.7 | D67: 449.7 | E67: 449.7 | F67: 449.7 | G67: 449.7 | H67: {=STDEV(C67:G67)*1.4} -> 0 | I67: {=0.014/2} -> 0.007 | J67: {=I67/SQRT(3)} -> 0.0040414519 | K67: 0.028867513 | L67: {=SQRT(H67^2+J67^2+(K67)^2)} -> 0.029149042 | M67: {=IF(ISERROR((L67^4)/(H67^4/4))=TRUE,"∞",((L67^4)/(H67^4/4)))} -> ∞ | N67: {=IF(ISERROR(TINV(0.05,M67))=TRUE,2,TINV(0.05,M67))} -> 2 | O67: {=L67*N67} -> 0.058298085 | Q67: {=AVERAGE(C67:G67)-B67} -> -0.3 | R67: {=Q67+O67} -> -0.24170192 | S67: {=Q67-O67} -> -0.35829808 | T67: {=ABS(Q67)} -> 0.3
B68: {=E56*0.9} -> 540 | C68: 539.7 | D68: 539.7 | E68: 539.7 | F68: 539.7 | G68: 539.7 | H68: {=STDEV(C68:G68)*1.4} -> 0 | I68: {=0.014/2} -> 0.007 | J68: {=I68/SQRT(3)} -> 0.0040414519 | K68: 0.028867513 | L68: {=SQRT(H68^2+J68^2+(K68)^2)} -> 0.029149042 | M68: {=IF(ISERROR((L68^4)/(H68^4/4))=TRUE,"∞",((L68^4)/(H68^4/4)))} -> ∞ | N68: {=IF(ISERROR(TINV(0.05,M68))=TRUE,2,TINV(0.05,M68))} -> 2 | O68: {=L68*N68} -> 0.058298085 | Q68: {=AVERAGE(C68:G68)-B68} -> -0.3 | R68: {=Q68+O68} -> -0.24170192 | S68: {=Q68-O68} -> -0.35829808 | T68: {=ABS(Q68)} -> 0.3
B70: TENSION ELECTRICA ALTERNA (60 Hz)
B71: INTERVALO | C71: 0 | D71: A | E71: 600
B72: RESOLUCION | C72: 0.1 | H72: para 5
B73: UNIDAD | C73: mV | D73: Error max: | E73: {=MAX(Q79:Q83)} -> 0.1 | F73: {=C73} -> mV | H73: muestras | I73: Especificación
D74: Incertidumbre max: | E74: {=MAX(O79:O83)} -> 0.058469365 | F74: {=C73} -> mV | I74: MK-019
I75: FLUKE
B76: Valor Nominal | H76: t= 1.4 | I76: 5502 | O76: Uexpandida
B77: del Patrón | C77: Muestra 1 | D77: Muestra 2 | E77: Muestra 3 | F77: Muestra 4 | G77: Muestra 5 | H77: uA | I77: Tol.de Patrón | J77: uB de Patrón | K77: uB resol. | L77: uC | M77: Grados | O77: para 95.45%
B78: {=C73} -> mV | C78: {=$B78} -> mV | D78: {=$B78} -> mV | E78: {=$B78} -> mV | F78: {=$B78} -> mV | G78: {=$B78} -> mV | H78: {=$B78} -> mV | I78: {=$B78} -> mV | J78: {=$B78} -> mV | ... L78: {=$B78} -> mV | M78: de libertad | N78: Factor k | O78: {=$B78} -> mV | Q78: error | R78: error +U | S78: error -U | T78: error_abs
B79: {=E71*0.1} -> 60 | C79: 59.9 | D79: 59.9 | E79: 59.9 | F79: 59.9 | G79: 59.9 | H79: {=STDEV(C79:G79)*1.4} -> 0 | I79: {=0.016/2} -> 0.008 | J79: {=I79/SQRT(3)} -> 0.0046188022 | K79: {=(C$72)/SQRT(12)} -> 0.028867513 | L79: {=SQRT(H79^2+J79^2+(K79)^2)} -> 0.029234683 | M79: {=IF(ISERROR((L79^4)/(H79^4/4))=TRUE,"∞",((L79^4)/(H79^4/4)))} -> ∞ | N79: {=IF(ISERROR(TINV(0.05,M79))=TRUE,2,TINV(0.05,M79))} -> 2 | O79: {=L79*N79} -> 0.058469365 | Q79: {=AVERAGE(C79:G79)-B79} -> -0.1 | R79: {=Q79+O79} -> -0.041530635 | S79: {=Q79-O79} -> -0.15846937 | T79: {=ABS(Q79)} -> 0.1
B80: {=E71*0.25} -> 150 | C80: 149.8 | D80: 149.8 | E80: 149.8 | F80: 149.8 | G80: 149.8 | H80: {=STDEV(C80:G80)*1.4} -> 0 | I80: {=0.016/2} -> 0.008 | J80: {=I80/SQRT(3)} -> 0.0046188022 | K80: 0.028867513 | L80: {=SQRT(H80^2+J80^2+(K80)^2)} -> 0.029234683 | M80: {=IF(ISERROR((L80^4)/(H80^4/4))=TRUE,"∞",((L80^4)/(H80^4/4)))} -> ∞ | N80: {=IF(ISERROR(TINV(0.05,M80))=TRUE,2,TINV(0.05,M80))} -> 2 | O80: {=L80*N80} -> 0.058469365 | Q80: {=AVERAGE(C80:G80)-B80} -> -0.2 | R80: {=Q80+O80} -> -0.14153063 | S80: {=Q80-O80} -> -0.25846937 | T80: {=ABS(Q80)} -> 0.2
B81: {=E71*0.5} -> 300 | C81: 300 | D81: 300 | E81: 300 | F81: 300 | G81: 300 | H81: {=STDEV(C81:G81)*1.4} -> 0 | I81: 0.008 | J81: {=I81/SQRT(3)} -> 0.0046188022 | K81: 0.028867513 | L81: {=SQRT(H81^2+J81^2+(K81)^2)} -> 0.029234683 | M81: {=IF(ISERROR((L81^4)/(H81^4/4))=TRUE,"∞",((L81^4)/(H81^4/4)))} -> ∞ | N81: {=IF(ISERROR(TINV(0.05,M81))=TRUE,2,TINV(0.05,M81))} -> 2 | O81: {=L81*N81} -> 0.058469365 | Q81: {=AVERAGE(C81:G81)-B81} -> 0 | R81: {=Q81+O81} -> 0.058469365 | S81: {=Q81-O81} -> -0.058469365 | T81: {=ABS(Q81)} -> 0
B82: {=E71*0.75} -> 450 | C82: 450 | D82: 450 | E82: 450 | F82: 450 | G82: 450 | H82: {=STDEV(C82:G82)*1.4} -> 0 | I82: {=0.016/2} -> 0.008 | J82: {=I82/SQRT(3)} -> 0.0046188022 | K82: 0.028867513 | L82: {=SQRT(H82^2+J82^2+(K82)^2)} -> 0.029234683 | M82: {=IF(ISERROR((L82^4)/(H82^4/4))=TRUE,"∞",((L82^4)/(H82^4/4)))} -> ∞ | N82: {=IF(ISERROR(TINV(0.05,M82))=TRUE,2,TINV(0.05,M82))} -> 2 | O82: {=L82*N82} -> 0.058469365 | Q82: {=AVERAGE(C82:G82)-B82} -> 0 | R82: {=Q82+O82} -> 0.058469365 | S82: {=Q82-O82} -> -0.058469365 | T82: {=ABS(Q82)} -> 0
B83: {=E71*0.9} -> 540 | C83: 540.1 | D83: 540.1 | E83: 540.1 | F83: 540.1 | G83: 540.1 | H83: {=STDEV(C83:G83)*1.4} -> 0 | I83: {=0.016/2} -> 0.008 | J83: {=I83/SQRT(3)} -> 0.0046188022 | K83: 0.028867513 | L83: {=SQRT(H83^2+J83^2+(K83)^2)} -> 0.029234683 | M83: {=IF(ISERROR((L83^4)/(H83^4/4))=TRUE,"∞",((L83^4)/(H83^4/4)))} -> ∞ | N83: {=IF(ISERROR(TINV(0.05,M83))=TRUE,2,TINV(0.05,M83))} -> 2 | O83: {=L83*N83} -> 0.058469365 | Q83: {=AVERAGE(C83:G83)-B83} -> 0.1 | R83: {=Q83+O83} -> 0.15846937 | S83: {=Q83-O83} -> 0.041530635 | T83: {=ABS(Q83)} -> 0.1
B85: TENSION ELECTRICA ALTERNA (60 Hz)
B86: INTERVALO | C86: 0 | D86: A | E86: 6
B87: RESOLUCION | C87: 0.001 | H87: para 5
B88: UNIDAD | C88: V | D88: Error max: | E88: {=MAX(Q94:Q98)} -> -0.0016 | F88: {=C88} -> V | H88: muestras | I88: Especificación
D89: Incertidumbre max: | E89: {=MAX(O94:O98)} -> 0.0093388694 | F89: {=C88} -> V | I89: MK-019
I90: FLUKE
B91: Valor Nominal | H91: t= 1.4 | I91: 5502 | O91: Uexpandida
B92: del Patrón | C92: Muestra 1 | D92: Muestra 2 | E92: Muestra 3 | F92: Muestra 4 | G92: Muestra 5 | H92: uA | I92: Tol.de Patrón | J92: uB de Patrón | K92: uB resol. | L92: uC | M92: Grados | O92: para 95.45%
B93: {=C88} -> V | C93: {=$B93} -> V | D93: {=$B93} -> V | E93: {=$B93} -> V | F93: {=$B93} -> V | G93: {=$B93} -> V | H93: {=$B93} -> V | I93: {=$B93} -> V | J93: {=$B93} -> V | ... L93: {=$B93} -> V | M93: de libertad | N93: Factor k | O93: {=$B93} -> V | Q93: error | R93: error +U | S93: error -U | T93: error_abs
B94: {=E86*0.1} -> 0.6 | C94: 0.6 | D94: 0.598 | E94: 0.598 | F94: 0.598 | G94: 0.598 | H94: {=STDEV(C94:G94)*1.4} -> 0.0012521981 | I94: {=0.0061/2} -> 0.00305 | J94: {=I94/SQRT(3)} -> 0.0017609183 | K94: {=(C$87)/SQRT(12)} -> 0.00028867513 | L94: {=SQRT(H94^2+J94^2+(K94)^2)} -> 0.0021799465 | M94: {=IF(ISERROR((L94^4)/(H94^4/4))=TRUE,"∞",((L94^4)/(H94^4/4)))} -> 36.741019 | N94: {=IF(ISERROR(TINV(0.05,M94))=TRUE,2,TINV(0.05,M94))} -> 2.028094 | O94: {=L94*N94} -> 0.0044211364 | Q94: {=AVERAGE(C94:G94)-B94} -> -0.0016 | R94: {=Q94+O94} -> 0.0028211364 | S94: {=Q94-O94} -> -0.0060211364 | T94: {=ABS(Q94)} -> 0.0016
B95: {=E86*0.25} -> 1.5 | C95: 1.496 | D95: 1.497 | E95: 1.497 | F95: 1.497 | G95: 1.497 | H95: {=STDEV(C95:G95)*1.4} -> 0.00062609903 | I95: {=0.015/2} -> 0.0075 | J95: {=I95/SQRT(3)} -> 0.004330127 | K95: {=(C$87)/SQRT(12)} -> 0.00028867513 | L95: {=SQRT(H95^2+J95^2+(K95)^2)} -> 0.0043846703 | M95: {=IF(ISERROR((L95^4)/(H95^4/4))=TRUE,"∞",((L95^4)/(H95^4/4)))} -> 9621.3412 | N95: {=IF(ISERROR(TINV(0.05,M95))=TRUE,2,TINV(0.05,M95))} -> 1.9602106 | O95: {=L95*N95} -> 0.0085948771 | Q95: {=AVERAGE(C95:G95)-B95} -> -0.0032 | R95: {=Q95+O95} -> 0.0053948771 | S95: {=Q95-O95} -> -0.011794877 | T95: {=ABS(Q95)} -> 0.0032
B96: {=E86*0.5} -> 3 | C96: 2.997 | D96: 2.998 | E96: 2.998 | F96: 2.998 | G96: 2.998 | H96: {=STDEV(C96:G96)*1.4} -> 0.00062609903 | I96: {=0.015/2} -> 0.0075 | J96: {=I96/SQRT(3)} -> 0.004330127 | K96: {=(C$87)/SQRT(12)} -> 0.00028867513 | L96: {=SQRT(H96^2+J96^2+(K96)^2)} -> 0.0043846703 | M96: {=IF(ISERROR((L96^4)/(H96^4/4))=TRUE,"∞",((L96^4)/(H96^4/4)))} -> 9621.3412 | N96: {=IF(ISERROR(TINV(0.05,M96))=TRUE,2,TINV(0.05,M96))} -> 1.9602106 | O96: {=L96*N96} -> 0.0085948771 | Q96: {=AVERAGE(C96:G96)-B96} -> -0.0022 | R96: {=Q96+O96} -> 0.0063948771 | S96: {=Q96-O96} -> -0.010794877 | T96: {=ABS(Q96)} -> 0.0022
B97: {=E86*0.75} -> 4.5 | C97: 4.496 | D97: 4.495 | E97: 4.495 | F97: 4.495 | G97: 4.495 | H97: {=STDEV(C97:G97)*1.4} -> 0.00062609903 | I97: {=0.015/2} -> 0.0075 | J97: {=I97/SQRT(3)} -> 0.004330127 | K97: {=(C$87)/SQRT(12)} -> 0.00028867513 | L97: {=SQRT(H97^2+J97^2+(K97)^2)} -> 0.0043846703 | M97: {=IF(ISERROR((L97^4)/(H97^4/4))=TRUE,"∞",((L97^4)/(H97^4/4)))} -> 9621.3412 | N97: {=IF(ISERROR(TINV(0.05,M97))=TRUE,2,TINV(0.05,M97))} -> 1.9602106 | O97: {=L97*N97} -> 0.0085948771 | Q97: {=AVERAGE(C97:G97)-B97} -> -0.0048 | R97: {=Q97+O97} -> 0.0037948771 | S97: {=Q97-O97} -> -0.013394877 | T97: {=ABS(Q97)} -> 0.0048
B98: {=E86*0.9} -> 5.4 | C98: 5.398 | D98: 5.395 | E98: 5.395 | F98: 5.395 | G98: 5.395 | H98: {=STDEV(C98:G98)*1.4} -> 0.0018782971 | I98: {=0.015/2} -> 0.0075 | J98: {=I98/SQRT(3)} -> 0.004330127 | K98: {=(C$87)/SQRT(12)} -> 0.00028867513 | L98: {=SQRT(H98^2+J98^2+(K98)^2)} -> 0.0047287772 | M98: {=IF(ISERROR((L98^4)/(H98^4/4))=TRUE,"∞",((L98^4)/(H98^4/4)))} -> 160.69347 | N98: {=IF(ISERROR(TINV(0.05,M98))=TRUE,2,TINV(0.05,M98))} -> 1.9749016 | O98: {=L98*N98} -> 0.0093388694 | Q98: {=AVERAGE(C98:G98)-B98} -> -0.0044 | R98: {=Q98+O98} -> 0.0049388694 | S98: {=Q98-O98} -> -0.013738869 | T98: {=ABS(Q98)} -> 0.0044
B100: TENSION ELECTRICA ALTERNA (60 Hz)
B101: INTERVALO | C101: 0 | D101: A | E101: 60
B102: RESOLUCION | C102: 0.01 | H102: para 5
B103: UNIDAD | C103: V | D103: Error max: | E103: {=MAX(Q109:Q113)} -> 0.02 | F103: {=C103} -> V | H103: muestras | I103: Especificación
D104: Incertidumbre max: | E104: {=MAX(O109:O113)} -> 0.011387127 | F104: {=C103} -> V | I104: MK-019
I105: FLUKE
B106: Valor Nominal | H106: t= 1.4 | I106: 5502 | O106: Uexpandida
B107: del Patrón | C107: Muestra 1 | D107: Muestra 2 | E107: Muestra 3 | F107: Muestra 4 | G107: Muestra 5 | H107: uA | I107: Tol.de Patrón | J107: uB de Patrón | K107: uB resol. | L107: uC | M107: Grados | O107: para 95.45%
B108: {=C103} -> V | C108: {=$B108} -> V | D108: {=$B108} -> V | E108: {=$B108} -> V | F108: {=$B108} -> V | G108: {=$B108} -> V | H108: {=$B108} -> V | I108: {=$B108} -> V | J108: {=$B108} -> V | ... L108: {=$B108} -> V | M108: de libertad | N108: Factor k | O108: {=$B108} -> V | Q108: error | R108: error +U | S108: error -U | T108: error_abs
B109: {=E101*0.1} -> 6 | C109: 5.998 | D109: 5.998 | E109: 5.998 | F109: 5.998 | G109: 5.998 | H109: {=STDEV(C109:G109)*1.4} -> 0 | I109: {=0.015/2} -> 0.0075 | J109: {=I109/SQRT(3)} -> 0.004330127 | K109: {=(C$102)/SQRT(12)} -> 0.0028867513 | L109: {=SQRT(H109^2+J109^2+(K109)^2)} -> 0.005204165 | M109: {=IF(ISERROR((L109^4)/(H109^4/4))=TRUE,"∞",((L109^4)/(H109^4/4)))} -> ∞ | N109: {=IF(ISERROR(TINV(0.05,M109))=TRUE,2,TINV(0.05,M109))} -> 2 | O109: {=L109*N109} -> 0.01040833 | Q109: {=AVERAGE(C109:G109)-B109} -> -0.002 | R109: {=Q109+O109} -> 0.00840833 | S109: {=Q109-O109} -> -0.01240833 | T109: {=ABS(Q109)} -> 0.002
...

Sheet Certificado
A1: E-MK-0153/26 | B1: MULTIMETRO DIGITAL | C1: FLUKE | D1: 116 | E1: 35260913WS | F1: EVO-559 | G1: RECICLADORA INDUSTRIAL DE ACUMULADORES, S.A. DE C.V. | H1: CARRETERA A GARCIA KM. 1.2 S/N, C.P. 66350 | I1: SANTA CATARINA | J1: NUEVO LEÓN | K1: 46037 | L1: 46037 | M1: {=K1+365} -> 46402 | N1: 46035
B3: CERTIFICADO DE CALIBRACIÓN (CALIBRATION CERTIFICATE) | G3: No. de certificado: (Certificate number) | I3: {=A1} -> E-MK-0153/26
C5: Datos del cliente: ( Customer ) | I5: Fecha de calibración: (Calibration date) | J5: {=K1} -> 46037
C6: Nombre: (Name) | D6: {=G1} -> RECICLADORA INDUSTRIAL DE ACUMULADORES, S.A. DE C.V. | I6: Fecha de emisión: (Date issued) | J6: {=L1} -> 46037
C7: Domicilio: (Address) | D7: {=H1} -> CARRETERA A GARCIA KM. 1.2 S/N, C.P. 66350 | I7: Vigencia solicitada: (Due date required) | J7: {=M1} -> 46402
D8: {=CONCATENATE(I1,", ",J1)} -> SANTA CATARINA, NUEVO LEÓN | I8: Fecha de recepcion: (Reception date) | J8: {=N1} -> 46035
I9: Página (Page): | J9: 1 de 6
C11: Descripción del Instrumento: (Instrument description)
H12: Lugar de la calibración: | I12: METKAL
C13: Instrumento : | D13: {=B1} -> MULTIMETRO DIGITAL
C14: (Instrument) | G14: Temperatura : | I14: 19.8
C15: Marca: | D15: {=C1} -> FLUKE | G15: (Temperature)
C16: (Manufacturer) | G16: Humedad Relativa : | I16: 0.471
C17: Modelo: | D17: {=D1} -> 116 | G17: (Relative Humidity)
C18: (Model)
C19: No. serie: | D19: {=E1} -> 35260913WS
C20: (Serial number)
C21: ID Interno: | D21: {=F1} -> EVO-559
C22: (Customer ID)
C23: Intervalo : | D23: VER RESULTADOS
C24: (Range)
C25: Resolución: | D25: VER RESULTADOS
C26: (Resolution)
C29: El laboratorio de calibraciones cuenta con un sistema de Gestión de Procesos basado en: | I29: ISO/IEC 17025:2017
C30: Requisitos generales para la competencia de los laboratorios de ensayo y de calibración.
C32: Procedimiento utilizado | E32: 7.2E1, 7.2E4, 7.2E5 | G32: Método: | H32: Comparación directa
C33: (Procedure used) | G33: (Method)
C35: Patrones empleados en la calibración (Measurement standard description)
C38: Descripción del patrón | E38: Certificado / Informe | G38: Vigencia | I38: ID interno
D39: (Description) | E39: (Certificate number) | G39: (Validity) | I39: (Internal ID)
D41: CALIBRADOR MULTIFUNCIONAL | E41: MF-CE-12019-11 | G41: 46218 | I41: MK-016
D46: Calibró: | E46: Miguel A. Bernal Cordero | G46: Firma
D47: (Calibrated by:) | E47: Ingeniero de Servicio | G47: (Signature)
D49: Aprobó: | E49: Sergio Garza Rangel | G49: Firma
D50: (Approved by:) | E50: Director Administrativo | G50: (Signature)

Sheet Resultados I
H9: No. de certificado: (Calibration number) | J9: {=Certificado!I3} -> E-MK-0153/26
C10: CERTIFICADO DE CALIBRACIÓN (CALIBRATION CERTIFICATE) | H10: Fecha de calibración: (Calibration date) | J10: {=Certificado!J5} -> 46037
H11: Fecha de emision: (Issued date) | J11: {=Certificado!J6} -> 46037
H12: Página: (Page) | J12: {=CONCATENATE(J13," de ",J274)} -> 2 de 6
J13: 2 | K13: 7
C14: Magnitud: | D14: {='Cálculos'!B10} -> TENSION ELECTRICA CONTINUA
G15: Unidad
C16: Intervalo de medida: | D16: {='Cálculos'!C11} -> 0 | E16: a | F16: {='Cálculos'!E11} -> 600 | G16: {='Cálculos'!C13} -> mV
C18: Division minima: | D18: {='Cálculos'!C12} -> 0.1
C20: Valor nominal | D20: Valor medido del instrumento | E20: Error de medida | F20: Incertidumbre
C21: del Patrón
C22: {='Cálculos'!B19} -> 60 | D22: {=AVERAGE('Cálculos'!C19:G19)} -> 60 | E22: {=D22-C22} -> 0 | F22: {='Cálculos'!O19} -> 0.057763846
C23: {='Cálculos'!B20} -> 150 | D23: {=AVERAGE('Cálculos'!C20:G20)} -> 150 | E23: {=D23-C23} -> 0 | F23: {='Cálculos'!O20} -> 0.057763846
C24: {='Cálculos'!B21} -> 300 | D24: {=AVERAGE('Cálculos'!C21:G21)} -> 300 | E24: {=D24-C24} -> 0 | F24: {='Cálculos'!O21} -> 0.057763846
C25: {='Cálculos'!B22} -> 450 | D25: {=AVERAGE('Cálculos'!C22:G22)} -> 450.1 | E25: {=D25-C25} -> 0.1 | F25: {='Cálculos'!O22} -> 0.057763846
C26: {='Cálculos'!B23} -> 540 | D26: {=AVERAGE('Cálculos'!C23:G23)} -> 540.1 | E26: {=D26-C26} -> 0.1 | F26: {='Cálculos'!O23} -> 0.057763846
C29: Magnitud: | D29: {='Cálculos'!B25} -> TENSION ELECTRICA CONTINUA
G30: Unidad
C31: Intervalo de medida: | D31: {='Cálculos'!C26} -> 0 | E31: a | F31: {='Cálculos'!E26} -> 6 | G31: {='Cálculos'!C28} -> V
C33: Division minima: | D33: {='Cálculos'!C27} -> 0.001
C35: Valor nominal | D35: Valor medido del instrumento | E35: Error de medida | F35: Incertidumbre
C36: del Patrón
C37: {='Cálculos'!B34} -> 0.6 | D37: {=AVERAGE('Cálculos'!C34:G34)} -> 0.6 | E37: {=D37-C37} -> 0 | F37: {='Cálculos'!O34} -> 0.0039501055
C38: {='Cálculos'!B35} -> 1.5 | D38: {=AVERAGE('Cálculos'!C35:G35)} -> 1.499 | E38: {=D38-C38} -> -0.001 | F38: {='Cálculos'!O35} -> 0.0039501055
C39: {='Cálculos'!B36} -> 3 | D39: {=AVERAGE('Cálculos'!C36:G36)} -> 2.998 | E39: {=D39-C39} -> -0.002 | F39: {='Cálculos'!O36} -> 0.0039501055
C40: {='Cálculos'!B37} -> 4.5 | D40: {=AVERAGE('Cálculos'!C37:G37)} -> 4.497 | E40: {=D40-C40} -> -0.003 | F40: {='Cálculos'!O37} -> 0.0039501055
C41: {='Cálculos'!B38} -> 5.4 | D41: {=AVERAGE('Cálculos'!C38:G38)} -> 5.397 | E41: {=D41-C41} -> -0.003 | F41: {='Cálculos'!O38} -> 0.0039501055
C44: Magnitud: | D44: {='Cálculos'!B40} -> TENSION ELECTRICA CONTINUA
G45: Unidad
C46: Intervalo de medida: | D46: {='Cálculos'!C41} -> 0 | E46: a | F46: {='Cálculos'!E41} -> 60 | G46: {='Cálculos'!C43} -> V
C48: Division minima: | D48: {='Cálculos'!C42} -> 0.01
C50: Valor nominal | D50: Valor medido del instrumento | E50: Error de medida | F50: Incertidumbre
C51: del Patrón
C52: {='Cálculos'!B49} -> 6 | D52: {=AVERAGE('Cálculos'!C49:G49)} -> 5.996 | E52: {=D52-C52} -> -0.004 | F52: {='Cálculos'!O49} -> 0.0064293597
C53: {='Cálculos'!B50} -> 15 | D53: {=AVERAGE('Cálculos'!C50:G50)} -> 15 | E53: {=D53-C53} -> 0 | F53: {='Cálculos'!O50} -> 0.0064293597
C54: {='Cálculos'!B51} -> 30 | D54: {=AVERAGE('Cálculos'!C51:G51)} -> 29.99 | E54: {=D54-C54} -> -0.01 | F54: {='Cálculos'!O51} -> 0.0064293597
C55: {='Cálculos'!B52} -> 45 | D55: {=AVERAGE('Cálculos'!C52:G52)} -> 44.98 | E55: {=D55-C55} -> -0.02 | F55: {='Cálculos'!O52} -> 0.0064293597
C56: {='Cálculos'!B53} -> 54 | D56: {=AVERAGE('Cálculos'!C53:G53)} -> 53.98 | E56: {=D56-C56} -> -0.02 | F56: {='Cálculos'!O53} -> 0.0064293597
H74: No. de certificado: (Calibration number) | J74: {=J$9} -> E-MK-0153/26
C75: CERTIFICADO DE CALIBRACIÓN (CALIBRATION CERTIFICATE) | H75: Fecha de calibración: (Calibration date) | J75: {=J$10} -> 46037
H76: Fecha de emision: (Issued date) | J76: {=J$11} -> 46037
H77: Página: (Page) | J77: {=CONCATENATE(J78," de ",J274)} -> 3 de 6
J78: {=J13+1} -> 3 | K78: {=K13} -> 7
C79: Magnitud: | D79: {='Cálculos'!B55} -> TENSION ELECTRICA CONTINUA
G80: Unidad
C81: Intervalo de medida: | D81: {='Cálculos'!C56} -> 0 | E81: a | F81: {='Cálculos'!E56} -> 600 | G81: {='Cálculos'!C58} -> V
C83: Division minima: | D83: {='Cálculos'!C57} -> 0.1
C85: Valor nominal | D85: Valor medido del instrumento | E85: Error de medida | F85: Incertidumbre
C86: del Patrón
C87: {='Cálculos'!B64} -> 60 | D87: {=AVERAGE('Cálculos'!C64:G64)} -> 59.97 | E87: {=D87-C87} -> -0.03 | F87: {='Cálculos'!O64} -> 0.057819143
C88: {='Cálculos'!B65} -> 150 | D88: {=AVERAGE('Cálculos'!C65:G65)} -> 149.9 | E88: {=D88-C88} -> -0.1 | F88: {='Cálculos'!O65} -> 0.058298085
C89: {='Cálculos'!B66} -> 300 | D89: {=AVERAGE('Cálculos'!C66:G66)} -> 299.8 | E89: {=D89-C89} -> -0.2 | F89: {='Cálculos'!O66} -> 0.058298085
C90: {='Cálculos'!B67} -> 450 | D90: {=AVERAGE('Cálculos'!C67:G67)} -> 449.7 | E90: {=D90-C90} -> -0.3 | F90: {='Cálculos'!O67} -> 0.058298085
C91: {='Cálculos'!B68} -> 540 | D91: {=AVERAGE('Cálculos'!C68:G68)} -> 539.7 | E91: {=D91-C91} -> -0.3 | F91: {='Cálculos'!O68} -> 0.058298085
C94: Magnitud: | D94: {='Cálculos'!B70} -> TENSION ELECTRICA ALTERNA (60 Hz)
G95: Unidad
C96: Intervalo de medida: | D96: {='Cálculos'!C71} -> 0 | E96: a | F96: {='Cálculos'!E71} -> 600 | G96: {='Cálculos'!C73} -> mV
C98: Division minima: | D98: {='Cálculos'!C72} -> 0.1
C100: Valor nominal | D100: Valor medido del instrumento | E100: Error de medida | F100: Incertidumbre
C101: del Patrón
C102: {='Cálculos'!B79} -> 60 | D102: {=AVERAGE('Cálculos'!C79:G79)} -> 59.9 | E102: {=D102-C102} -> -0.1 | F102: {='Cálculos'!O79} -> 0.058469365
C103: {='Cálculos'!B80} -> 150 | D103: {=AVERAGE('Cálculos'!C80:G80)} -> 149.8 | E103: {=D103-C103} -> -0.2 | F103: {='Cálculos'!O80} -> 0.058469365
C104: {='Cálculos'!B81} -> 300 | D104: {=AVERAGE('Cálculos'!C81:G81)} -> 300 | E104: {=D104-C104} -> 0 | F104: {='Cálculos'!O81} -> 0.058469365
C105: {='Cálculos'!B82} -> 450 | D105: {=AVERAGE('Cálculos'!C82:G82)} -> 450 | E105: {=D105-C105} -> 0 | F105: {='Cálculos'!O82} -> 0.058469365
C106: {='Cálculos'!B83} -> 540 | D106: {=AVERAGE('Cálculos'!C83:G83)} -> 540.1 | E106: {=D106-C106} -> 0.1 | F106: {='Cálculos'!O83} -> 0.058469365
C109: Magnitud: | D109: {='Cálculos'!B85} -> TENSION ELECTRICA ALTERNA (60 Hz)
G110: Unidad
C111: Intervalo de medida: | D111: {='Cálculos'!C86} -> 0 | E111: a | F111: {='Cálculos'!E86} -> 6 | G111: {='Cálculos'!C88} -> V
C113: Division minima: | D113: {='Cálculos'!C87} -> 0.001
C115: Valor nominal | D115: Valor medido del instrumento | E115: Error de medida | F115: Incertidumbre
C116: del Patrón
C117: {='Cálculos'!B94} -> 0.6 | D117: {=AVERAGE('Cálculos'!C94:G94)} -> 0.5984 | E117: {=D117-C117} -> -0.0016 | F117: {='Cálculos'!O94} -> 0.0044211364
C118: {='Cálculos'!B95} -> 1.5 | D118: {=AVERAGE('Cálculos'!C95:G95)} -> 1.4968 | E118: {=D118-C118} -> -0.0032 | F118: {='Cálculos'!O95} -> 0.0085948771
C119: {='Cálculos'!B96} -> 3 | D119: {=AVERAGE('Cálculos'!C96:G96)} -> 2.9978 | E119: {=D119-C119} -> -0.0022 | F119: {='Cálculos'!O96} -> 0.0085948771
C120: {='Cálculos'!B97} -> 4.5 | D120: {=AVERAGE('Cálculos'!C97:G97)} -> 4.4952 | E120: {=D120-C120} -> -0.0048 | F120: {='Cálculos'!O97} -> 0.0085948771
C121: {='Cálculos'!B98} -> 5.4 | D121: {=AVERAGE('Cálculos'!C98:G98)} -> 5.3956 | E121: {=D121-C121} -> -0.0044 | F121: {='Cálculos'!O98} -> 0.0093388694
H139: No. de certificado: (Calibration number) | J139: {=J$9} -> E-MK-0153/26
C140: CERTIFICADO DE CALIBRACIÓN (CALIBRATION CERTIFICATE) | H140: Fecha de calibración: (Calibration date) | J140: {=J$10} -> 46037
H141: Fecha de emision: (Issued date) | J141: {=J$11} -> 46037
H142: Página: (Page) | J142: {=CONCATENATE(J143," de ",J274)} -> 4 de 6
J143: {=J78+1} -> 4 | K143: {=K78} -> 7
C144: Magnitud: | D144: {='Cálculos'!B100} -> TENSION ELECTRICA ALTERNA (60 Hz)
G145: Unidad
C146: Intervalo de medida: | D146: {='Cálculos'!C101} -> 0 | E146: a | F146: {='Cálculos'!E101} -> 60 | G146: {='Cálculos'!C103} -> V
C148: Division minima: | D148: {='Cálculos'!C102} -> 0.01
C150: Valor nominal | D150: Valor medido del instrumento | E150: Error de medida | F150: Incertidumbre
C151: del Patrón
C152: {='Cálculos'!B109} -> 6 | D152: {=AVERAGE('Cálculos'!C109:G109)} -> 5.998 | E152: {=D152-C152} -> -0.002 | F152: {='Cálculos'!O109} -> 0.01040833
C153: {='Cálculos'!B110} -> 15 | D153: {=AVERAGE('Cálculos'!C110:G110)} -> 15.01 | E153: {=D153-C153} -> 0.01 | F153: {='Cálculos'!O110} -> 0.010893423
C154: {='Cálculos'!B111} -> 30 | D154: {=AVERAGE('Cálculos'!C111:G111)} -> 30.01 | E154: {=D154-C154} -> 0.01 | F154: {='Cálculos'!O111} -> 0.011387127
C155: {='Cálculos'!B112} -> 45 | D155: {=AVERAGE('Cálculos'!C112:G112)} -> 45.01 | E155: {=D155-C155} -> 0.01 | F155: {='Cálculos'!O112} -> 0.011387127
C156: {='Cálculos'!B113} -> 54 | D156: {=AVERAGE('Cálculos'!C113:G113)} -> 54.02 | E156: {=D156-C156} -> 0.02 | F156: {='Cálculos'!O113} -> 0.011387127
C159: Magnitud: | D159: {='Cálculos'!B115} -> TENSION ELECTRICA ALTERNA (60 Hz)
G160: Unidad
C161: Intervalo de medida: | D161: {='Cálculos'!C116} -> 0 | E161: a | F161: {='Cálculos'!E116} -> 600 | G161: {='Cálculos'!C118} -> V
C163: Division minima: | D163: {='Cálculos'!C117} -> 0.1
C165: Valor nominal | D165: Valor medido del instrumento | E165: Error de medida | F165: Incertidumbre
C166: del Patrón
C167: {='Cálculos'!B124} -> 60 | D167: {=AVERAGE('Cálculos'!C124:G124)} -> 59.9 | E167: {=D167-C167} -> -0.1 | F167: {='Cálculos'!O124} -> 0.058563356
C168: {='Cálculos'!B125} -> 150 | D168: {=AVERAGE('Cálculos'!C125:G125)} -> 149.8 | E168: {=D168-C168} -> -0.2 | F168: {='Cálculos'!O125} -> 0.057880365
...

Sheet Anexo II

Sheet ETIQUETA
A1: CALIBRADO
A4: CERTIFICADO: | I4: {=Certificado!I3} -> E-MK-0153/26
A5: Fecha de calibración: | J5: {=Certificado!J5} -> 46037
A6: Vigencia de cliente: | J6: {=Certificado!J7} -> 46402
A7: ID: | D7: {=Certificado!D21} -> EVO-559
B8: Metkal | M8: MK-ET-01
