Workbook

Sheet Cálculos
A1: 41509
A2: MVRC
AO3: Ing. J. Oscar T. Morales García | AP3: Director técnico
AO4: Ing. J. Oscar T. Morales García | AP4: Jefe de área SF&G | AQ4: Mess Servicios Metrológicos S. de R.L. de C.V.
AQ5: Instalaciones del cliente
AO6: Ing. Pablo Lopez Perez
B10: FRECUENCIA
B11: INTERVALO | C11: 100 | D11: A | E11: 4 000
B12: RESOLUCION | C12: 0.1 | H12: para 5
B13: UNIDAD | C13: Lux | D13: Error max: | E13: {=MAX(Q19:Q21)} -> -7 | F13: {=C13} -> Lux | H13: muestras | I13: Especificación | J13: distribución
D14: Incertidumbre max: | E14: {=MAX(O19:O21)} -> 2.3507091 | F14: {=C13} -> Lux
B16: Valor Nominal | H16: t= 1.4 | J16: rectangular | O16: Uexpandida | P16: cmc
B17: del Patrón | C17: Muestra 1 | D17: Muestra 2 | E17: Muestra 3 | F17: Muestra 4 | G17: Muestra 5 | H17: uA | I17: Tol.de Patrón | J17: uB de Patrón | K17: uB resol. | L17: uC | M17: Grados | O17: para 95.45%
B18: {=C13} -> Lux | C18: {=$B18} -> Lux | D18: {=$B18} -> Lux | E18: {=$B18} -> Lux | F18: {=$B18} -> Lux | G18: {=$B18} -> Lux | H18: {=$B18} -> Lux | I18: {=$B18} -> Lux | J18: {=$B18} -> Lux | ... L18: {=$B18} -> Lux | M18: de libertad | N18: Factor k | O18: {=$B18} -> Lux | Q18: error | R18: error +U | S18: error -U | T18: error_abs
B19: 100.2 | C19: 90.3 | D19: {=C19} -> 90.3 | E19: {=D19} -> 90.3 | F19: {=E19} -> 90.3 | G19: {=F19} -> 90.3 | H19: {=STDEV(C19:G19)*1.4} -> 0 | I19: {=4.7/2} -> 2.35 | J19: {=I19/2} -> 1.175 | K19: {=(C$12)/SQRT(12)} -> 0.028867513 | L19: {=SQRT(H19^2+J19^2+(K19)^2)} -> 1.1753546 | M19: {=IF(ISERROR((L19^4)/(H19^4/4))=TRUE,"∞",((L19^4)/(H19^4/4)))} -> ∞ | N19: {=IF(ISERROR(TINV(0.05,M19))=TRUE,2,TINV(0.05,M19))} -> 2 | O19: {=L19*N19} -> 2.3507091 | P19: 2 | Q19: {=AVERAGE(C19:G19)-B19} -> -9.9 | R19: {=Q19+O19} -> -7.5492909 | S19: {=Q19-O19} -> -12.250709 | T19: {=ABS(Q19)} -> 9.9
B20: 1014 | C20: 1003 | D20: {=C20} -> 1003 | E20: {=D20} -> 1003 | F20: {=E20} -> 1003 | G20: {=F20} -> 1003 | H20: {=STDEV(C20:G20)*1.4} -> 0 | I20: {=1.3/2} -> 0.65 | J20: {=I20/2} -> 0.325 | K20: {=(C$12)/SQRT(12)} -> 0.028867513 | L20: {=SQRT(H20^2+J20^2+(K20)^2)} -> 0.32627953 | M20: {=IF(ISERROR((L20^4)/(H20^4/4))=TRUE,"∞",((L20^4)/(H20^4/4)))} -> ∞ | N20: {=IF(ISERROR(TINV(0.05,M20))=TRUE,2,TINV(0.05,M20))} -> 2 | O20: {=L20*N20} -> 0.65255907 | P20: 2 | Q20: {=AVERAGE(C20:G20)-B20} -> -11 | R20: {=Q20+O20} -> -10.347441 | S20: {=Q20-O20} -> -11.652559 | T20: {=ABS(Q20)} -> 11
B21: 2320 | C21: 2313 | D21: {=C21} -> 2313 | E21: {=D21} -> 2313 | F21: {=E21} -> 2313 | G21: {=F21} -> 2313 | H21: {=STDEV(C21:G21)*1.4} -> 0 | I21: {=1.9/2} -> 0.95 | J21: {=I21/2} -> 0.475 | K21: {=(C$12)/SQRT(12)} -> 0.028867513 | L21: {=SQRT(H21^2+J21^2+(K21)^2)} -> 0.47587638 | M21: {=IF(ISERROR((L21^4)/(H21^4/4))=TRUE,"∞",((L21^4)/(H21^4/4)))} -> ∞ | N21: {=IF(ISERROR(TINV(0.05,M21))=TRUE,2,TINV(0.05,M21))} -> 2 | O21: {=L21*N21} -> 0.95175277 | P21: 2 | Q21: {=AVERAGE(C21:G21)-B21} -> -7 | R21: {=Q21+O21} -> -6.0482472 | S21: {=Q21-O21} -> -7.9517528 | T21: {=ABS(Q21)} -> 7
B22: 3527 | C22: 3517 | D22: {=C22} -> 3517 | E22: {=D22} -> 3517 | F22: {=E22} -> 3517 | G22: {=F22} -> 3517 | H22: {=STDEV(C22:G22)*1.4} -> 0 | I22: {=5.2/2} -> 2.6 | J22: {=I22/2} -> 1.3 | K22: {=(C$12)/SQRT(12)} -> 0.028867513 | L22: {=SQRT(H22^2+J22^2+(K22)^2)} -> 1.3003205 | M22: {=IF(ISERROR((L22^4)/(H22^4/4))=TRUE,"∞",((L22^4)/(H22^4/4)))} -> ∞ | N22: {=IF(ISERROR(TINV(0.05,M22))=TRUE,2,TINV(0.05,M22))} -> 2 | O22: {=L22*N22} -> 2.6006409 | P22: 2 | Q22: {=AVERAGE(C22:G22)-B22} -> -10 | R22: {=Q22+O22} -> -7.3993591 | S22: {=Q22-O22} -> -12.600641 | T22: {=ABS(Q22)} -> 10
B23: 4000 | C23: 3987 | D23: {=C23} -> 3987 | E23: {=D23} -> 3987 | F23: {=E23} -> 3987 | G23: {=F23} -> 3987 | H23: {=STDEV(C23:G23)*1.4} -> 0 | I23: {=5.2/2} -> 2.6 | J23: {=I23/2} -> 1.3 | K23: {=(C$12)/SQRT(12)} -> 0.028867513 | L23: {=SQRT(H23^2+J23^2+(K23)^2)} -> 1.3003205 | M23: {=IF(ISERROR((L23^4)/(H23^4/4))=TRUE,"∞",((L23^4)/(H23^4/4)))} -> ∞ | N23: {=IF(ISERROR(TINV(0.05,M23))=TRUE,2,TINV(0.05,M23))} -> 2 | O23: {=L23*N23} -> 2.6006409 | P23: 2 | Q23: {=AVERAGE(C23:G23)-B23} -> -13 | R23: {=Q23+O23} -> -10.399359 | S23: {=Q23-O23} -> -15.600641 | T23: {=ABS(Q23)} -> 13
B24: Formato:
B25: Revisión :

Sheet Certificado
A1: O-MK-0285/26 | B1: LUXOMETRO | C1: EXTECH | D1: LT45 | E1: 230402863 | F1: 230402863 | G1: THREE CONSULTORIA MEDIO AMBIENTE, S.A. DE C.V. | H1: GALICIA No. 347, COL. ALTAVISTA, C.P. 64840 | I1: MONTERREY | J1: NUEVO LEÓN | K1: 46048 | L1: 46048 | M1: 46413 | N1: 46045
B3: CERTIFICADO DE CALIBRACIÓN (CALIBRATION CERTIFICATE) | G3: No. de certificado: (Certificate number) | I3: {=A1} -> O-MK-0285/26
C5: Datos del cliente: ( Customer ) | I5: Fecha de calibración: (Calibration date) | J5: {=K1} -> 46048
C6: Nombre: (Name) | D6: {=G1} -> THREE CONSULTORIA MEDIO AMBIENTE, S.A. DE C.V. | I6: Fecha de emisión: (Date issued) | J6: {=L1} -> 46048
C7: Domicilio: (Address) | D7: {=H1} -> GALICIA No. 347, COL. ALTAVISTA, C.P. 64840 | I7: Vigencia solicitada: (Due date required) | J7: {=M1} -> 46413
D8: {=CONCATENATE(I1,", ",J1)} -> MONTERREY, NUEVO LEÓN | I8: Fecha de recepcion: (Reception date) | J8: {=N1} -> 46045
I9: Página (Page): | J9: 1 de 2
C10: Descripción del Instrumento: (Instrument description)
H11: Lugar de la calibración: | I11: METKAL
C12: Instrumento : | D12: {=B1} -> LUXOMETRO
C13: (Instrument) | G13: Temperatura : | I13: 19.9
C14: Marca: | D14: {=C1} -> EXTECH | G14: (Temperature)
C15: (Manufacturer) | G15: Humedad Relativa : | I15: 0.463
C16: Modelo: | D16: {=D1} -> LT45 | G16: (Relative Humidity)
C17: (Model)
C18: No. serie: | D18: {=E1} -> 230402863
C19: (Serial number)
C20: ID Interno: | D20: {=F1} -> 230402863
C21: (Customer ID)
C22: Intervalo : | D22: VER RESULTADOS
C23: (Range)
C24: Resolución: | D24: VER RESULTADOS
C25: (Resolution)
C28: El laboratorio de calibraciones cuenta con un sistema de Gestión de Procesos basado en: | I28: ISO/IEC 17025:2017
C29: Requisitos generales para la competencia de los laboratorios de ensayo y de calibración.
C31: Procedimiento utilizado | E31: 7.2O1 | G31: Método: | H31: Comparación directa
C32: (Procedure used) | G32: (Method)
C34: Patrones empleados en la calibración (Measurement standard description)
C37: Descripción del patrón | E37: Certificado / Informe | G37: Vigencia | I37: ID interno
D38: (Description) | E38: (Certificate number) | G38: (Validity) | I38: (Internal ID)
D40: LUXOMETRO | E40: EPS25MY1-40498 | G40: 46360 | I40: MK-030
D45: Calibró: | E45: Miguel A. Bernal Cordero | G45: Firma
D46: (Calibrated by:) | E46: Ingeniero de servicio | G46: (Signature)
D48: Aprobó: | E48: Sergio Garza Rangel | G48: Firma
D49: (Approved by:) | E49: Director Administrativo | G49: (Signature)

Sheet Anexo II

Sheet Resultados I
H9: No. de certificado: (Calibration number) | J9: {=Certificado!I3} -> O-MK-0285/26
C10: CERTIFICADO DE CALIBRACIÓN (CALIBRATION CERTIFICATE) | H10: Fecha de calibración: (Calibration date) | J10: {=Certificado!J5} -> 46048
H11: Fecha de emision: (Issued date) | J11: {=Certificado!J6} -> 46048
H12: Página: (Page) | J12: 2 de 2
C15: lux
C16: Magnitud: | G16: Unidad
C17: Intervalo de medida: | D17: {='Cálculos'!C11} -> 100 | E17: a | F17: 4000 | G17: {='Cálculos'!C13} -> Lux
C19: Division minima: | D19: {='Cálculos'!C12} -> 0.1
C21: Valor medido Instrumento | D21: Valor medido del instrumento | E21: Error de medida | F21: Incertidumbre (%) Read
C22: {='Cálculos'!B17} -> del Patrón
C23: {='Cálculos'!B19} -> 100.2 | D23: {=AVERAGE('Cálculos'!C19:G19)} -> 90.3 | E23: {=D23-C23} -> -9.9 | F23: {='Cálculos'!P19} -> 2
C24: {='Cálculos'!B20} -> 1014 | D24: {=AVERAGE('Cálculos'!C20:G20)} -> 1003 | E24: {=D24-C24} -> -11 | F24: {='Cálculos'!P20} -> 2
C25: {='Cálculos'!B21} -> 2320 | D25: {=AVERAGE('Cálculos'!C21:G21)} -> 2313 | E25: {=D25-C25} -> -7 | F25: {='Cálculos'!P21} -> 2
C26: {='Cálculos'!B22} -> 3527 | D26: {=AVERAGE('Cálculos'!C22:G22)} -> 3517 | E26: {=D26-C26} -> -10 | F26: {='Cálculos'!P22} -> 2
C27: {='Cálculos'!B23} -> 4000 | D27: {=AVERAGE('Cálculos'!C23:G23)} -> 3987 | E27: {=D27-C27} -> -13 | F27: {='Cálculos'!P23} -> 2
B102: La incertidumbre expandida se obtuvo de multiplicar la incertidumbre estándar combinada por un factor de cobertura de k=2, que asegura un nivel de confianza de 95% aproximadamente.
B105: Observaciones: Ninguna.
B109: {=Certificado!B52}
B110: {=Certificado!B53}
B111: {=Certificado!B54}
B112: {=Certificado!B55}
B113: {=Certificado!B56}

Sheet ETIQUETA
A1: CALIBRADO
A4: CERTIFICADO: | I4: {=Certificado!I3} -> O-MK-0285/26
A5: Fecha de calibración: | J5: {=Certificado!J5} -> 46048
A6: Vigencia de cliente: | J6: {=Certificado!J7} -> 46413
A7: ID: | D7: {=Certificado!D20} -> 230402863
B8: Metkal | M8: MK-ET-01
